A,B,result
Combinatorics,Algebra,1
Computation,Statistical_inference,0
Analysis_of_algorithms,Computational_science,1
Lexical_analysis,Software_framework,0
Superscalar,Computer_architecture,1
Support_vector_machine,Python_(programming_language),0
Imperative_programming,Programming_language,1
Array_data_structure,Data_structure,1
Arithmetic,Queue_(data_structure),0
Turing_machine,Theory_of_computation,1
Algorithm,Integer,1
Robot,Markov_process,0
Feature_extraction,Algorithm,1
Computer_animation,Image,1
Foundations_of_mathematics,Public-key_cryptography,0
Programming_language,Computability,1
Stochastic_process,Probability,1
Shortest_path_problem,Flow_network,0
Functional_programming,Computer_science,1
Economics,Relational_database,0
Randomized_algorithm,Social_network,0
System_programming,MATLAB,0
Distributed_computing,Software_design,0
Machine_learning,Computational_complexity_theory,1
Interpolation,Mathematics,1
Formal_language,Discrete_mathematics,1
Tensor,Fast_Fourier_transform,0
Natural_language_processing,Graph_theory,1
Algorithm_design,Analysis_of_algorithms,1
Coding_theory,User_interface,0
Computational_geometry,Computer,1
Automata_theory,Programming_language,0
Computational_chemistry,3D_modeling,0
Computer_programming,Computing,1
Problem_solving,Algorithm,0
Random_walk,Markov_chain,1
Digital_electronics,Network_security,0
Statistical_hypothesis_testing,Statistical_inference,1
Wavelet,Model_checking,0
Database_design,Robotics,0
Data_analysis,Exponential_family,0
Interpolation,3D_modeling,0
Finite_difference,Web_service,0
Parsing,String_(computer_science),1
Embedded_system,Bioinformatics,0
Automated_theorem_proving,PSPACE,0
Compiler,Computer_science,1
Automated_theorem_proving,Mathematical_proof,1
Polymorphism_(computer_science),Knowledge_representation_and_reasoning,0
Fast_Fourier_transform,Computer,0
Analysis_of_algorithms,Probability_theory,1
Information_theory,Quantum_computer,0
Computational_complexity_theory,Message_passing,0
Suffix_tree,String_searching_algorithm,1
Scope_(computer_science),Computer_programming,1
Vector_processor,ML_(programming_language),0
Relational_database,Database_management_system,1
Query_optimization,SQL,1
Relational_database_management_system,Relational_database,1
Monad_(functional_programming),Functional_programming,1
Object-oriented_programming,Computer_programming,1
Computer_security,Mathematics,1
Object-oriented_programming,Structured_programming,1
Algorithm_design,Computer_science,1
Signal_processing,Object_(computer_science),0
Denotational_semantics,Variable_(computer_science),0
User_interface_design,Memory_hierarchy,0
Fixed_point_(mathematics),Mathematics,1
Packet_switching,Computer_network,1
Image_analysis,Software_development,0
Programming_language,Dynamic_programming,0
Symbol_table,Iterative_method,0
NP-complete,Computational_complexity_theory,1
Halting_problem,Turing_machine,1
C_(programming_language),Computing,1
Algebra,Arithmetic,1
Shading,Context-free_grammar,0
Symmetric_multiprocessing,Internet,0
Kalman_filter,System_call,0
Theoretical_computer_science,Computation,1
Correlation_and_dependence,Logic,0
Knowledge_representation_and_reasoning,Algorithm_design,1
Object-oriented_programming,Embedded_system,0
Query_optimization,Finite_difference,0
Motion_planning,Robotics,1
Finite_difference,Boundary_value_problem,1
Markov_process,Conditional_probability,1
Support_vector_machine,Algorithm,1
Computer_programming,Data_structure,1
Database_management_system,Database_transaction,1
Computational_chemistry,Computer_programming,1
Image_processing,Quantum_computer,0
Object_(computer_science),String_(computer_science),0
Algorithm,Routing,0
NP-complete,Calculus_of_variations,0
Graphical_user_interface,Computer,1
Digital_electronics,Programming_language,0
JavaScript,Computer,1
Computer,NP_(complexity),0
C_(programming_language),Computer,1
Assembly_language,Computer,1
Cryptanalysis,Modular_arithmetic,1
User_interface,Computer_programming,1
String_searching_algorithm,Modular_arithmetic,0
Integral,Speech_recognition,0
Ordinary_differential_equation,Semidefinite_programming,0
Cache_coherence,Parallel_computing,1
Monte_Carlo_method,Expected_value,1
Foundations_of_mathematics,Deadlock,0
Quantum_mechanics,Parametric_polymorphism,0
Poisson_distribution,Motion_capture,0
Data_mining,Data,1
Personal_computer,Graph_theory,0
User_interface_design,Quantum_computer,0
Tensor,Markov_process,0
Relational_model,Data_type,1
Cryptography,Probability_theory,1
Artificial_intelligence,Database_normalization,0
Monte_Carlo_method,Query_language,0
Gradient_descent,Algorithm,1
Graph_coloring,Graph_theory,1
Question_answering,Expert_system,1
Hidden_Markov_model,Automated_theorem_proving,0
Database_management_system,Computer_science,1
Undecidable_problem,Algorithm,1
Computer_network,Computer,1
Concurrency_control,Database_management_system,1
Atomicity_(database_systems),Automata_theory,0
Monad_(functional_programming),Computation,1
CPU_cache,Computer_architecture,1
Flow_network,Concurrency_(computer_science),0
Recursively_enumerable_set,Recursion,1
Memory_management,Database_system,0
Scripting_language,Graphics_processing_unit,0
Rendering_(computer_graphics),Memory_hierarchy,0
Database_design,Relational_model,1
Server_(computing),Computer,1
Machine_learning,Computer_programming,1
Information_theory,Probability_theory,1
Robotics,Computer_science,1
Undecidable_problem,Inheritance_(object-oriented_programming),0
Relational_database_management_system,Thread_(computer_science),0
Pattern_recognition,Probability,1
Natural_language_processing,Semantics,1
Computer_animation,Computational_geometry,1
Support_vector_machine,Packet_switching,0
Polymorphism_(computer_science),Gradient_descent,0
Very_long_instruction_word,Computational_problem,0
Firewall_(computing),Computer_science,0
Queue_(data_structure),Mobile_device,0
Computational_complexity_theory,Computational_problem,1
Autonomous_robot,Gradient_descent,0
Question_answering,Semantics_of_programming_languages,0
Information_assurance,Information_security,1
Stochastic_process,Randomization,1
Speech_recognition,Machine_learning,1
JavaScript,Coding_theory,0
Dynamic_programming,Mathematics,1
Algorithm,Problem_solving,1
Exponential_family,Software_framework,0
Concurrency_control,System_call,0
Automated_planning_and_scheduling,Artificial_intelligence,1
Vulnerability_(computing),Coding_theory,0
Hash_table,"Best,_worst_and_average_case",1
Visualization_(computer_graphics),Mathematics,1
Amortized_analysis,Computer_science,1
Differential_equation,Polynomial,0
Concurrency_control,Pushdown_automaton,0
Analysis_of_algorithms,Shared_memory,0
Database_management_system,Relational_algebra,1
Quantum_computer,Procedural_programming,0
Linear_system,Inheritance_(object-oriented_programming),0
String_searching_algorithm,Genetic_algorithm,0
Public-key_cryptography,Discrete_mathematics,1
Divide_and_conquer_algorithm,Recursion,1
Formal_language,Logic,1
Random_graph,Context-free_grammar,0
Algorithm,Foundations_of_mathematics,1
C++,Input/output,0
Concurrent_computing,Newton's_method,0
Data_structure,Data,1
Estimation_theory,Statistical_inference,1
Database_management_system,Mutual_exclusion,0
Visualization_(computer_graphics),Computer_graphics,1
Big_data,Communications_protocol,0
Communications_protocol,Algorithm,1
Turing_machine,Automata_theory,1
Discrete_mathematics,Tensor,0
Regular_language,Newton's_method,0
Discrete_mathematics,Mathematical_proof,1
Structured_programming,Programming_language,1
Lisp_(programming_language),Logic_programming,1
Big_data,Computer_science,1
Continuous_function,Kernel_(computing),0
Data_mining,Database,1
Congestion_control,Computer_network,1
Database_transaction,Computability,0
Discrete_mathematics,Mathematics,1
Quantum_mechanics,Continuous_function,1
CPU_cache,Expert_system,0
Amortized_analysis,Data_structure,1
Context-free_language,Relational_database_management_system,0
Instruction_set,Computational_problem,0
Combinatorics,Finite_set,1
Visualization_(computer_graphics),Geometry,1
Halting_problem,Theory_of_computation,1
Computer_architecture,Computer_science,1
NP_(complexity),Fourier_analysis,0
String_(computer_science),Abstract_data_type,0
Computer_vision,Image_processing,1
Partial_differential_equation,Haskell_(programming_language),0
Server_(computing),Shortest_path_problem,0
Graphics_processing_unit,Security,0
Random_graph,Mathematics,1
Data_type,Scheduling_(computing),0
B-tree,Feature_extraction,0
Operating_system,Computing,1
Parallel_algorithm,Relational_database,0
Virtual_reality,Computer_graphics,1
Calculus,Arithmetic,1
Computational_geometry,Algorithm_design,1
Pattern_matching,Functional_programming,1
Variable_(computer_science),Program_optimization,0
Analysis_of_algorithms,Turing_machine,1
Distributed_algorithms,Continuous_function,0
Approximation_algorithm,Algorithm,1
Time_complexity,Computer_science,1
B-tree,Data_structure,1
Software_engineering,Computer,1
Computational_learning_theory,Parametric_polymorphism,0
Analysis_of_algorithms,Algorithm,1
Cluster_analysis,Computer_science,1
Computer_network,Data,1
Hidden_line_removal,Numerical_analysis,0
Complexity_class,Geometry,0
Rendering_(computer_graphics),Image,0
Assembly_language,Instruction_set,1
Interaction_design,B-tree,0
Software_development,Software_design,1
Computational_problem,Computer_science,1
Digital_signature,Run_time_(program_lifecycle_phase),0
World_Wide_Web,Machine_learning,0
Syntax,Natural_language,1
Decision_theory,Computing,0
Uncertainty,Volume_rendering,0
Vector_processor,Amortized_analysis,0
Distributed_computing,Integral,0
Congestion_control,Syntax,0
Lisp_(programming_language),Recursion_(computer_science),0
Application_software,Computer,1
C_(programming_language),Synchronization,0
Relational_database_management_system,Finite_element_method,0
Java_(programming_language),Algorithm,0
Fast_Fourier_transform,Signal_processing,1
Control_flow,Computer,1
Input/output,Computational_complexity_theory,0
Program_optimization,Spanning_tree,0
Regular_language,Calculus_of_variations,0
Machine_translation,Prolog,0
Autonomous_robot,Robot,1
Transaction_processing,Mathematical_induction,0
Computational_chemistry,Algorithm,1
Vulnerability_(computing),Computer_animation,0
Index_(database),Relational_database,1
Relational_algebra,Object_(computer_science),0
Parsing,Data_structure,1
Memory_management,Flow_network,0
Amortized_analysis,Finite_element_method,0
Automatic_programming,Autonomous_robot,0
Virtual_reality,Interactivity,1
System_programming,Probability,0
Computational_complexity_theory,Mathematics,1
Lexical_analysis,Lexical_semantics,0
Imperative_programming,Information_theory,0
Cryptography,Number_theory,1
Formal_methods,Relational_database_management_system,0
Motion_capture,Tensor,0
Computer_programming,Relational_model,0
Markov_chain,Expected_value,1
Computer_graphics,Computer_programming,1
Computer_science,Foundations_of_mathematics,1
Mathematical_optimization,Probability_theory,0
Encryption,Shared_memory,0
Statistics,Randomness,1
Central_processing_unit,Variable_(computer_science),0
System_call,Interactivity,0
User_interface,Computer,1
Correlation_and_dependence,Bayesian_probability,0
List_of_undecidable_problems,Support_vector_machine,0
Geometric_modeling,Procedural_programming,0
Database_management_system,Big_data,0
Polynomial,Integer,1
Mathematical_induction,Mathematical_proof,1
Linear_system,Matrix_(mathematics),1
Operating_system,Central_processing_unit,1
Control_flow,Server_(computing),0
Assembly_language,Application_software,0
File_system,Computing,1
Complexity_class,Algorithm,1
Relational_database,Relational_model,1
Genetic_algorithm,Computer_science,1
Parallel_computing,Computer_programming,1
Server_(computing),SQL,0
Semantics_of_programming_languages,Programming_language,1
Python_(programming_language),Object-oriented_programming,1
Quantum_cryptography,Regular_expression,0
Very_long_instruction_word,Computer_architecture,1
Lazy_evaluation,Server_(computing),0
World_Wide_Web,Computer_simulation,0
Computational_geometry,Artificial_intelligence,0
Computer_security,Problem_solving,0
Newton's_method,Approximation,1
Linear_programming,Matrix_(mathematics),1
Dynamic_memory_allocation,Probability,0
Autonomous_robot,Motion_planning,1
Concurrency_control,Analysis_of_algorithms,1
Speech_recognition,Computer_science,1
Arithmetic_logic_unit,Digital_electronics,1
Firewall_(computing),Data,1
Internet,Routing,1
Analysis_of_algorithms,Introduction_to_Algorithms,1
C++,Computer_programming,1
Algebra,Software_framework,0
Scheduling_(computing),Operating_system,1
Design_of_experiments,Scientific_visualization,0
Object-oriented_programming,Very_long_instruction_word,0
Compiler_optimization,Assembly_language,1
Statistics,Pattern_matching,0
Neural_network,Pattern_recognition,1
Cryptography,Monte_Carlo_method,0
Randomization,Interface_(computing),0
Network_security,Linear_system,0
Cache_coherence,Shared_memory,1
Geometry,Data_warehouse,0
Formal_methods,Compiler,0
Randomized_algorithm,Algorithm,1
Algorithm,Computation,1
C++,Genetic_algorithm,0
Large_deviations_theory,Parallel_computing,0
Economics,Procedural_programming,0
Graphical_model,Scientific_modelling,1
Finite-state_machine,Central_processing_unit,0
Operating_system,Theory_of_computation,0
Software_design,Programming_language,1
Graph_coloring,Hash_table,0
Functional_programming,Recursion,1
Discrete_mathematics,Interactivity,0
Turing_machine,Flow_network,0
Inequality_(mathematics),Integer,1
PageRank,Abstract_data_type,0
Fourier_analysis,Application_programming_interface,0
Pushdown_automaton,Atomicity_(database_systems),0
Matrix_(mathematics),Kernel_(computing),0
Imperative_programming,Variable_(computer_science),1
Information_theory,Big_data,0
Algorithm_design,Wavelet,0
Scripting_language,Computer_programming,1
Abstract_data_type,Integer,1
Software_testing,Computer_programming,1
Application_programming_interface,Automata_theory,0
Computer_architecture,Run_time_(program_lifecycle_phase),0
Lock_(computer_science),Fourier_analysis,0
Computer_graphics,Computer,1
Introduction_to_Algorithms,Computing,0
Finite_difference,Database_design,0
Programming_paradigm,Neural_network,0
Queue_(data_structure),Array_data_structure,1
Computational_complexity_theory,Discrete_mathematics,1
Analysis_of_algorithms,Computational_complexity_theory,1
Random_walk,Graph_theory,1
Genetic_algorithm,Algorithm,1
Variable_(computer_science),Programming_language,1
Program_analysis,Internet_Protocol_Suite,0
Kinematics,CPU_cache,0
Numerical_analysis,Algorithm,1
Algorithm,Computability,1
Programmer,Programming_language,1
Mathematical_model,Mathematics,1
Machine_learning,Personal_computer,0
Computational_chemistry,Computer_science,1
Machine_learning,Algorithm,1
High-level_programming_language,Computer_graphics,0
NP-complete,Machine_translation,0
Data_warehouse,Variable_(computer_science),0
Peer-to-peer,Natural_language,0
Software_engineering,Object-oriented_programming,1
Algorithm_design,Mathematics,1
Analysis_of_algorithms,Finite_element_method,0
Halting_problem,Concurrency_control,0
Shortest_path_problem,Graph_theory,1
Hidden_Markov_model,Data_structure,0
Unix,Graph_theory,0
Network_security,Computer_network,1
Reason,Hidden_Markov_model,0
String_(computer_science),Computer_programming,1
Cryptography,Mathematics,1
Graphical_user_interface,Congestion_control,0
Markov_chain,Random_variable,1
Spanning_tree,Statistics,0
Malware,Finite-state_machine,0
Shading,Transaction_processing,0
Kalman_filter,Thread_(computer_science),0
Lisp_(programming_language),Scope_(computer_science),1
Computational_geometry,Algorithm,1
B-tree,3D_computer_graphics,0
Digital_electronics,Polynomial,0
Graphical_model,Random_variable,1
Image,Complexity,0
Java_(programming_language),Data_structure,1
Assembly_language,Programming_language,1
Lexical_analysis,Probability_theory,0
Pattern_matching,Integer,0
Data_mining,Artificial_intelligence,1
Information_security,Sparse_matrix,0
Algebra,Mathematics,1
Hidden_Markov_model,Rendering_(computer_graphics),0
Parallel_computing,Computer_science,1
Random_walk,Graph_(mathematics),1
Machine_learning,Statistics,1
Divide_and_conquer_algorithm,Congestion_control,0
Lexical_semantics,Semantics,1
Computer_security,Type_system,0
Image_processing,Computer_programming,1
Database_design,Relational_database,1
Hash_table,Data_(computing),1
Differential_equation,Coding_theory,0
Model_of_computation,Computation,1
Parsing,Python_(programming_language),0
Bayesian_probability,Probability,1
Turing_machine,Control_flow,0
Data_(computing),Web_search_engine,0
Personal_computer,Public-key_cryptography,0
Concurrency_(computer_science),Operating_system,1
Recursion,Algorithm,1
Amortized_analysis,Reinforcement_learning,0
Database_normalization,Motion_planning,0
Recursively_enumerable_set,Robotics,0
Image,PSPACE,0
Recommender_system,Compiler,0
Parallel_computing,P_versus_NP_problem,0
Machine_translation,NP_(complexity),0
Gradient_descent,Asymptotic_analysis,0
Mathematical_model,Authentication,0
Semantics,Dynamic_programming,0
Compiler_optimization,Prediction,0
Digital_signature,Security,0
Recurrence_relation,Mathematics,1
Turing_machine,Mathematics,1
Variable_(computer_science),Computing,0
Cloud_computing,Computer_network,1
Regular_expression,Relational_algebra,0
Semidefinite_programming,Approximation_algorithm,1
Neural_network,Artificial_intelligence,1
JavaScript,World_Wide_Web,1
Machine_learning,Markov_chain,1
Embedded_system,Computer,1
Generic_programming,P_versus_NP_problem,0
Database_design,Database_system,1
JavaScript,Computer_programming,1
Programmer,Computer_programming,1
Lisp_(programming_language),Database,0
Shared_memory,Image_processing,0
Conditional_probability,Analysis_of_algorithms,0
Database_management_system,Kinematics,0
Natural_language_processing,Knowledge_representation_and_reasoning,0
Divide_and_conquer_algorithm,Algorithm_design,1
Big_data,Programmer,0
Algorithm,Mathematics,1
Semantics,Bayesian_network,0
Quantum_computer,Computational_complexity_theory,1
Context-free_grammar,String_(computer_science),1
Modular_programming,Statistical_hypothesis_testing,0
Statistics,Data,1
Martingale_(probability_theory),Dynamic_memory_allocation,0
Automated_theorem_proving,Graph_coloring,0
Probability_theory,Lexical_analysis,0
Semantics,Computer_science,0
Mobile_device,Computer,1
Thread_(computer_science),Scripting_language,0
Decision_theory,Kernel_(computing),0
3D_computer_graphics,Image_processing,1
Floating_point,Computer_multitasking,0
Data_type,Programming_language,1
Run_time_(program_lifecycle_phase),List_of_undecidable_problems,0
Genetic_algorithm,Theoretical_computer_science,0
Round-off_error,Numerical_analysis,1
"Best,_worst_and_average_case",Database_system,0
Formal_methods,Programming_language,0
Scope_(computer_science),Variable_(computer_science),1
String_searching_algorithm,Turing_machine,0
Relational_database,Poisson_distribution,0
Spanning_tree,Graph_theory,1
Large_deviations_theory,Probability_theory,1
Logic_programming,Distributed_algorithms,0
Image_processing,Flow_network,0
Theory_of_computation,Arithmetic,0
Pattern_matching,Superscalar,0
Mathematical_optimization,Lazy_evaluation,0
Perl,Lexical_semantics,0
Memory_hierarchy,Design_of_experiments,0
Microprocessor,Problem_solving,0
Vulnerability_(computing),Software_testing,0
Mathematical_model,Ray_tracing_(graphics),0
Geometric_modeling,Algorithm,1
Sufficient_statistic,Theoretical_computer_science,0
Dynamic_programming,Recursion,1
Computational_problem,Graphical_user_interface,0
Software_development,Computer_science,1
Mathematics,Flow_network,0
Arithmetic_logic_unit,Scope_(computer_science),0
Java_(programming_language),Programming_language,1
Quantum_computer,Computer_science,1
NP_(complexity),Decision_theory,0
3D_modeling,Inference,0
Linear_programming,Mathematical_optimization,1
Functional_programming,Programming_language,1
Internet,Data,0
Lexical_analysis,Regular_expression,1
Analysis_of_algorithms,Computer_programming,1
Pattern_matching,String_(computer_science),1
Wavelet,Flow_network,0
Computer_graphics,Network_security,0
Exponential_family,SQL,0
Game_theory,Mathematical_model,1
Robotics,Mechanical_engineering,1
Mathematical_proof,Computer_science,0
Relational_database_management_system,Database,1
Question_answering,Artificial_intelligence,1
Malware,Authentication,1
Traffic_analysis,Cryptography,1
Kernel_(computing),Operating_system,1
File_system,Prediction,0
Programming_language,Computer_science,1
Network_security,Expected_value,0
Relational_model,Predicate_logic,1
Control_flow,Microcode,0
Computer_graphics,Graphics,1
"Best,_worst_and_average_case",Sparse_matrix,0
Undecidable_problem,Computational_complexity_theory,1
Boundary_value_problem,Garbage_collection_(computer_science),0
Computational_science,Microcode,0
Motion_planning,Lexical_analysis,0
Programming_language,Automata_theory,1
Fast_Fourier_transform,Algorithm,1
Ordinary_differential_equation,Nonlinear_system,1
Programmer,Parallel_algorithm,0
Flow_network,Monad_(functional_programming),0
Query_optimization,Database_management_system,1
Correlation_and_dependence,Data,1
Concurrency_control,Computer_programming,1
Hash_table,Computer_security,0
Parsing,Regular_language,1
Polymorphism_(computer_science),Personal_computer,0
Abstract_data_type,Cryptography,0
Relational_database,Computer_science,1
Design_of_experiments,Signal_processing,0
C_(programming_language),Programming_language,1
Random_variable,Application_programming_interface,0
Monte_Carlo_method,Integral,1
Cryptographic_hash_function,Cryptography,1
String_(computer_science),Data_(computing),1
Visualization_(computer_graphics),Computer_science,0
Software_engineering,Debugging,1
Control_flow,SQL,0
Numerical_analysis,Approximation,1
Motion_planning,Inference,0
String_searching_algorithm,Computer_science,1
Arithmetic_logic_unit,List_of_undecidable_problems,0
Geometry,Matrix_(mathematics),1
Expert_system,Artificial_intelligence,1
Procedural_programming,Least_squares,0
Software_design,Authentication,0
Vector_processor,Regular_language,0
Multi-core_processor,Thread_(computer_science),1
Complexity,Hidden_line_removal,0
Application_programming_interface,Parallel_computing,0
Random_variable,System_programming,0
Imperative_programming,Computer_science,1
Linked_list,Lexical_analysis,0
Memory_management,Mathematical_model,0
Modular_programming,Personal_computer,0
Mathematical_induction,Computational_chemistry,0
Virtual_reality,Formal_verification,0
Social_network,Kalman_filter,0
Computer_graphics,Geometry,1
Algorithm,Combinatorics,1
List_of_undecidable_problems,Computational_problem,1
Iterative_method,Big_data,0
Compiler,Assembly_language,1
Query_optimization,Relational_database,1
Query_optimization,Database,1
CPU_cache,Artificial_intelligence,0
High-level_programming_language,Information_theory,0
Computer_network,Communications_protocol,1
Social_network,Graph_(mathematics),1
Atomicity_(database_systems),Information_assurance,0
Floating_point,Recommender_system,0
Asymptotic_analysis,Debugging,0
Computer_vision,Mathematical_optimization,1
Natural_language_processing,Machine_learning,1
Web_browser,Reinforcement_learning,0
Parametric_polymorphism,Programming_language,1
NP-complete,Communications_protocol,0
Symmetric_multiprocessing,Martingale_(probability_theory),0
Haskell_(programming_language),Computer_programming,1
Calculus_of_variations,Continuous_function,1
Software_development,Computer_programming,1
Java_(programming_language),Software_engineering,0
User_interface_design,User_interface,1
Randomized_algorithm,Randomization,1
Fourier_analysis,Polynomial,1
Web_server,Computer,1
Flow_network,Personal_computer,0
Computational_geometry,Mathematics,1
Malware,Computer_network,1
Calculus,Model_of_computation,0
Stochastic_process,Probability_theory,1
Graphical_model,Kernel_(computing),0
Relational_database,C++,0
Firewall_(computing),Vulnerability_(computing),1
Computer_network,Automated_planning_and_scheduling,0
Denotational_semantics,Programming_language,1
Mathematical_optimization,Integer,1
Concurrency_(computer_science),Computation,1
Prolog,Logic_programming,1
Scientific_visualization,Computer_graphics,1
Functional_programming,Computer_programming,1
Pushdown_automaton,String_(computer_science),1
Stack_(data_structure),Lexical_analysis,0
Computability,Nonlinear_system,0
Polynomial,Mathematics,1
Very_long_instruction_word,Computer_simulation,0
Scheduling_(computing),Computing,1
Graph_theory,Lexical_analysis,0
Software_engineering,Computer_science,1
Randomized_algorithm,Control_flow,0
Parametric_polymorphism,Variable_(computer_science),1
Hidden_line_removal,Algorithm,1
Programming_paradigm,Data_structure,1
Computational_complexity_theory,Polynomial,1
Entropy,Virtual_reality,0
Computer_simulation,Computer_science,1
Performance_tuning,Complexity_class,0
Expected_value,Web_server,0
Wavelet,Web_search_engine,0
Data_(computing),Undecidable_problem,0
Personal_computer,Rendering_(computer_graphics),0
Congestion_control,Pattern_recognition,0
Distributed_algorithms,Algorithm,1
Decision_theory,Statistical_hypothesis_testing,1
Randomized_algorithm,Computational_complexity_theory,1
Routing,Computer_network,1
Very_long_instruction_word,Computer_software,0
Information_assurance,Concurrent_computing,0
Probability,Neural_network,0
Cryptography,Computer_science,1
Virtual_reality,Amortized_analysis,0
Time_complexity,Network_security,0
Routing,Finite_difference,0
Combinatorics,Motion_capture,0
Computer_science,Computer,1
Data_mining,Computer_science,1
Computer_architecture,Telecommunications_network,0
Prolog,Web_server,0
Multiplication,Mathematics,1
Robot,Computation,1
Lexical_analysis,Programming_language,1
Control_flow,Programming_language,1
Large_deviations_theory,Visualization_(computer_graphics),0
Program_analysis,Computer_science,1
Syntax,Design_pattern_(computer_science),0
Query_language,System_programming,0
Randomness,Pattern_matching,0
Memory_management,Combinational_logic,0
Mathematical_optimization,B-tree,0
User_interface,CPU_cache,0
File_system,Algorithm,0
Superscalar,Relational_database_management_system,0
Image_analysis,Computer_science,1
Profiling_(computer_programming),Correlation_and_dependence,0
Operating_system,Computer,1
Rendering_(computer_graphics),Shading,1
Least_squares,Numerical_analysis,1
Kinematics,Spanning_tree,0
Bayesian_probability,Random_variable,1
Pushdown_automaton,Control_flow,0
Monte_Carlo_method,Big_data,0
Sufficient_statistic,Statistical_inference,1
Automatic_programming,Computer_science,1
Array_data_structure,Ordinary_differential_equation,0
Cryptography,Algorithm,1
Logic_programming,Computer_programming,1
Bayesian_network,Random_variable,1
CPU_cache,Kinematics,0
Software_testing,Software_development,1
Malware,Correlation_and_dependence,0
Finite_element_method,Polynomial,1
Complexity,Mathematics,1
Assembly_language,Programming_paradigm,0
Assembly_language,Computer_programming,1
Operating_system,Computer_programming,1
Artificial_intelligence,Logic,1
CPU_cache,Programming_language,0
Calculus,Mathematics,1
Document_classification,List_of_undecidable_problems,0
Interactivity,Computer_science,1
Ray_tracing_(graphics),Procedural_programming,0
Computer_network,Graph_(mathematics),1
Database_design,Database,1
C_(programming_language),Social_network,0
Functional_programming,Cloud_computing,0
P_versus_NP_problem,Computer_science,1
Database_design,Data_structure,1
Graph_(mathematics),Mathematics,1
Message_Passing_Interface,Inter-process_communication,1
Probability_theory,Mathematics,1
Superscalar,MapReduce,0
Web_browser,Unix,0
Sequence_alignment,Web_browser,0
P_versus_NP_problem,Programmer,0
User_interface_design,Algorithm,0
Inequality_(mathematics),Software_engineering,0
Pattern_matching,Distributed_computing,0
Machine_learning,Probability_theory,1
System_programming,Computer_programming,1
Memory_hierarchy,Computer_architecture,1
Gradient_descent,MATLAB,0
Regular_expression,P_versus_NP_problem,0
Computer_vision,Geometry,1
Computer_animation,Mathematics,1
Central_processing_unit,Automated_theorem_proving,0
Software_development,Data_structure,1
Partial_differential_equation,Mathematics,1
Computational_learning_theory,Support_vector_machine,0
Software_design,Java_(programming_language),1
Artificial_intelligence,Part-of-speech_tagging,0
"Best,_worst_and_average_case",Computer_science,1
File_system,Instruction_set,0
Distributed_algorithms,Array_data_structure,0
Hidden_line_removal,User_interface_design,0
Approximation_algorithm,Mathematical_optimization,1
Random_graph,Probability_theory,1
Type_system,Computational_problem,0
Bayesian_network,Digital_signature,0
Numerical_analysis,Eigenvalues_and_eigenvectors,1
Sentiment_analysis,Document_classification,1
Undecidable_problem,Mathematical_proof,1
Computer_animation,Computer_graphics,1
3D_modeling,Python_(programming_language),0
Abstraction_(computer_science),Computer_programming,1
Prolog,Programming_language,1
Scripting_language,Computer,1
Computer_graphics,Stochastic,0
Mathematical_optimization,Arithmetic,1
Data_warehouse,Instruction_set,0
Mathematics,Foundations_of_mathematics,1
File_system,Probability,0
Large_deviations_theory,Wavelet,0
Mathematical_proof,Mathematics,1
Newton's_method,Numerical_analysis,1
String_searching_algorithm,Introduction_to_Algorithms,1
"Best,_worst_and_average_case",Formal_verification,0
Queue_(data_structure),Functional_programming,0
Robotics,Kinematics,1
Conditional_probability,Natural_language,0
Natural_language_processing,MapReduce,0
Imperative_programming,Computer,1
Mathematical_model,Digital_electronics,0
Computational_complexity_theory,Cryptography,0
Memory_hierarchy,Operating_system,0
Markov_process,Probability_theory,1
Concurrency_control,Computer,1
Foundations_of_mathematics,Artificial_intelligence,0
Data_type,Computer_science,1
Asymptotic_analysis,Inequality_(mathematics),0
Application_programming_interface,Formal_methods,0
Cache_coherence,Probability_theory,0
Conditional_probability,Martingale_(probability_theory),0
C_(programming_language),Automated_theorem_proving,0
Programming_language,Computer_programming,1
Computational_geometry,Analysis_of_algorithms,1
Reason,Gradient_descent,0
Matrix_(mathematics),Computer_graphics,0
ML_(programming_language),Functional_programming,1
Pushdown_automaton,Computer_science,1
Context-free_grammar,Memory_hierarchy,0
Relational_database,Computer_programming,1
Profiling_(computer_programming),Computer_programming,1
Geometry,Linear_system,0
Modular_programming,Markov_process,0
Abstract_data_type,Combinatorics,0
Abstraction_(computer_science),Processor_register,0
Spanning_tree,Suffix_tree,0
Abstract_data_type,Information_security,0
Query_optimization,Index_(database),1
Probability,Mathematics,1
Autonomous_robot,Graphical_model,0
Database,Computer_science,1
Computer_animation,Ray_tracing_(graphics),1
Bioinformatics,Computer_programming,1
Randomization,Lock_(computer_science),0
Software_testing,Bioinformatics,0
Ordinary_differential_equation,Polynomial,1
Finite-state_machine,Automata_theory,1
Random_walk,Probability_theory,1
System_programming,Automatic_programming,0
Natural_language_processing,Algorithm_design,1
Hidden_Markov_model,Markov_chain,1
High-level_programming_language,Queue_(data_structure),0
Model_checking,Algorithm,1
Reinforcement_learning,Machine_learning,1
Part-of-speech_tagging,Statistics,0
Computer_programming,Logic,1
Computational_complexity_theory,Theoretical_computer_science,1
Object-oriented_programming,Parsing,0
Recursion_(computer_science),Computer_programming,1
Problem_solving,Pattern_matching,0
Multiplication,Wavelet,0
Python_(programming_language),Design_pattern_(computer_science),0
Recommender_system,Machine_learning,1
Kernel_(computing),Generic_programming,0
Document_classification,Machine_learning,1
Malware,Information_security,1
Undecidable_problem,Divide_and_conquer_algorithm,0
Recursively_enumerable_set,Knowledge_representation_and_reasoning,0
Parallel_computing,Numerical_analysis,0
Compiler_optimization,Digital_signature,0
Vector_processor,Interface_(computing),0
PSPACE,Computational_complexity_theory,1
Combinatorics,Mathematics,1
Semantics,Higher-order_function,0
Scripting_language,Mutual_exclusion,0
Mutual_exclusion,Part-of-speech_tagging,0
Analysis_of_algorithms,Graph_theory,1
Computer_graphics,Algorithm_design,1
Computer_science,Discrete_mathematics,1
Software_development,Object-oriented_programming,1
Random_walk,Expected_value,1
Scientific_visualization,Design_of_experiments,0
Abstraction_(computer_science),Reinforcement_learning,0
Algorithm,Discrete_mathematics,1
Computer_science,Logic,1
Statistical_hypothesis_testing,Motion_capture,0
Semantics,Packet_switching,0
System_programming,Index_(database),0
Parsing,Context-free_language,1
Undecidable_problem,Context-free_language,0
Programming_paradigm,High-level_programming_language,0
Unix,Robot,0
Parsing,Prolog,0
Random_graph,Combinatorics,1
Unix,Operating_system,1
Robot,Autonomous_robot,0
Signal_processing,Unix,0
Structured_programming,Analysis_of_algorithms,0
Computing,Computation,1
Support_vector_machine,Knowledge_representation_and_reasoning,0
Distributed_computing,Computer_programming,1
Hash_table,Data_structure,1
Message_passing,Theory_of_computation,0
Random_graph,Stochastic,0
Predicate_logic,Scope_(computer_science),0
Compiler,Computer_programming,1
Personal_computer,Computer,1
Undecidable_problem,Computer_science,1
Computer_science,Number_theory,1
Parallel_computing,Stochastic_process,0
Pipeline_(computing),Central_processing_unit,1
Knowledge_representation_and_reasoning,Data_structure,1
Database_design,Monte_Carlo_method,0
Approximation,String_searching_algorithm,0
Graph_theory,Graph_(mathematics),1
Calculus_of_variations,Integral,1
Prediction,Probability,1
Packet_switching,First-order_logic,0
Context-free_grammar,Computer_science,1
Mathematical_optimization,Mathematics,1
Deadlock,Operating_system,1
Quantum_cryptography,Procedural_programming,0
Ray_tracing_(graphics),Computational_geometry,1
Public-key_cryptography,Algorithm,1
Distributed_computing,Computer_network,1
Database,Integral,0
ML_(programming_language),Java_(programming_language),0
Quantum_cryptography,Automated_planning_and_scheduling,0
Machine_translation,Object_(computer_science),0
Message_Passing_Interface,Shading,0
Computer_vision,Computer_science,1
Gradient_descent,Mathematical_optimization,1
Programming_style,Computer_programming,1
Computer_network,Web_server,0
Memory_hierarchy,Image_processing,0
Coding_theory,Computer_science,1
Encryption,Model_checking,0
Iterative_method,Numerical_analysis,1
Index_(database),Computer_programming,1
Document_classification,Computer_science,1
Wireless_sensor_network,Communication,1
Transaction_processing,Concurrency_control,1
Newton's_method,Mathematical_optimization,1
Regular_language,Finite-state_machine,1
Number_theory,Web_browser,0
Mathematical_optimization,Mathematical_model,1
Mathematics,Social_network,0
Ordinary_differential_equation,Superscalar,0
Uncertainty,Genetic_algorithm,0
Type_system,Software_development,0
Object-oriented_programming,Data,1
Index_(database),Computer_science,1
Lazy_evaluation,Programming_language,1
Numerical_analysis,Vector_processor,0
Part-of-speech_tagging,Personal_computer,0
Hidden_Markov_model,Machine_learning,1
Memory_management,Network_security,0
Web_service,Packet_switching,0
Algorithm,Logic,1
Garbage_collection_(computer_science),Bayesian_network,0
Database_design,Relational_database_management_system,0
Boundary_value_problem,Matrix_(mathematics),0
Knowledge_representation_and_reasoning,Algorithm,1
Asymptotic_analysis,User_interface_design,0
Time_complexity,Algorithm,1
Database,Algorithm_design,1
Introduction_to_Algorithms,Speech_recognition,0
NP_(complexity),Turing_machine,1
Artificial_intelligence,Computer_programming,1
Entropy,Message_passing,0
Programming_paradigm,Computational_science,1
Recurrence_relation,Algorithm,1
Markov_chain,Web_server,0
Software_testing,Uncertainty,0
NP-complete,HTML,0
Graphical_model,Data,1
Unsupervised_learning,Program_analysis,0
Calculus,Large_deviations_theory,0
Parallel_algorithm,Algorithm,1
Rendering_(computer_graphics),Computer_graphics,1
Ordinary_differential_equation,Public-key_cryptography,0
Application_programming_interface,Computer_programming,1
Boundary_value_problem,Nonlinear_system,1
Data_mining,Programming_language,1
Knowledge_representation_and_reasoning,Mathematics,1
Parallel_computing,Time_complexity,1
Symbol_table,Scientific_modelling,0
Mathematical_model,Linear_programming,0
Abstraction_(computer_science),Finite_set,0
Parallel_computing,Lock_(computer_science),1
Machine_learning,Graph_theory,1
Index_(database),Database,1
Automated_theorem_proving,Mathematical_induction,1
Scheduling_(computing),Polymorphism_(computer_science),0
Polymorphism_(computer_science),Programming_language,1
Speech_recognition,Markov_chain,1
Interaction_design,User_interface,1
Parallel_algorithm,Divide_and_conquer_algorithm,0
Inheritance_(object-oriented_programming),Programming_language,1
Artificial_intelligence,Computational_complexity_theory,1
Cryptographic_hash_function,Information_security,1
Poisson_distribution,Expected_value,1
Game_theory,Decision_theory,0
Java_(programming_language),Computer,1
Data_mining,Digital_signature,0
Query_language,Computational_learning_theory,0
Linear_algebra,Mathematics,1
Theory_of_computation,Computer_science,1
Perl,Computer,1
Computational_geometry,Computer_science,1
Pushdown_automaton,Finite-state_machine,1
Computation,Entropy,0
Type_system,Reinforcement_learning,0
Garbage_collection_(computer_science),Computer_science,1
MapReduce,Parallel_computing,1
Newton's_method,Sentiment_analysis,0
Database,Data_structure,1
Prolog,Parsing,0
Java_(programming_language),Scope_(computer_science),1
Interface_(computing),Foundations_of_mathematics,0
Query_language,Computer_programming,1
Application_programming_interface,Programming_language,1
Speech_recognition,Artificial_intelligence,1
Introduction_to_Algorithms,Recurrence_relation,0
Natural_language,Sufficient_statistic,0
Finite-state_machine,Logic,1
Central_processing_unit,Computer,1
Graph_coloring,Newton's_method,0
Image_analysis,World_Wide_Web,0
Asymptotic_analysis,Stochastic_process,0
Internet,OSI_model,1
Artificial_intelligence,Reason,1
Linear_system,Memory_management,0
Debugging,Control_flow,1
Haskell_(programming_language),Random_variable,0
Database,Lazy_evaluation,0
Graphics,Formal_grammar,0
Machine_learning,Quantum_computer,0
Support_vector_machine,Semantics,0
Firewall_(computing),Functional_programming,0
Partial_differential_equation,Differential_equation,1
Monte_Carlo_method,Computation,1
Embedded_system,Microprocessor,1
Decision_theory,Algorithm,1
Rendering_(computer_graphics),Computer,1
Internet,Random_graph,0
Web_service,Support_vector_machine,0
Program_optimization,System_programming,0
User_interface_design,Software_design,0
CPU_cache,Computer,1
Control_flow,Scalability,0
File_system,Operating_system,1
PSPACE,Turing_machine,1
Floating_point,Routing,0
Finite_element_method,Numerical_analysis,1
C++,Object-oriented_programming,1
Boundary_value_problem,Partial_differential_equation,1
Quantum_cryptography,Relational_algebra,0
Context-free_grammar,Support_vector_machine,0
Algorithm,Mathematical_induction,1
Robotics,Artificial_intelligence,1
Virtual_memory,Operating_system,1
Martingale_(probability_theory),Expected_value,1
Parsing,Algorithm_design,1
Debugging,Computer_programming,1
Network_security,Computer_security,1
Human-computer_interaction,Interactivity,1
Mathematical_optimization,Matrix_(mathematics),1
Object-oriented_programming,Computer_science,1
User_interface_design,Computer,1
Semidefinite_programming,Linear_programming,1
NP_(complexity),Random_variable,0
Object-oriented_programming,Variable_(computer_science),1
NP_(complexity),User_interface,0
Discrete_mathematics,Algebra,1
Inference,High-level_programming_language,0
Computer_security,Computer_science,1
Embedded_system,Operating_system,1
Symmetric_multiprocessing,Concurrency_(computer_science),1
Spanning_tree,Mathematics,1
Computer_architecture,Mobile_device,0
Computer_architecture,Authentication,0
Object-oriented_programming,Design_pattern_(computer_science),1
PSPACE,Profiling_(computer_programming),0
Firewall_(computing),Application_programming_interface,0
Cryptanalysis,Algorithm,1
System_call,Operating_system,1
Programming_language,Visualization_(computer_graphics),0
Object-oriented_programming,Data_type,1
Data_mining,Algorithm,1
Kalman_filter,Expected_value,1
Lexical_analysis,Computer_science,1
Prediction,Recurrence_relation,0
World_Wide_Web,Computer,1
Probability_theory,Web_browser,0
List_of_undecidable_problems,Denotational_semantics,0
Robotics,Robot,1
Lexical_analysis,Introduction_to_Algorithms,0
Concurrency_(computer_science),Parallel_computing,1
Distributed_computing,Gradient_descent,0
Hidden_Markov_model,Artificial_intelligence,1
Index_(database),Server_(computing),0
Cryptography,Information_security,1
Round-off_error,Information_assurance,0
Scope_(computer_science),Approximation,0
Context-free_language,User_interface,0
Machine_learning,Computer_science,1
Computational_complexity_theory,Theory_of_computation,1
Kernel_(computing),Data_warehouse,0
Artificial_intelligence,Numerical_analysis,1
Context-free_grammar,Inheritance_(object-oriented_programming),0
Computational_complexity_theory,Complexity,1
Graph_theory,Ordinary_differential_equation,0
Lisp_(programming_language),Robot,0
Analysis_of_algorithms,Mathematical_induction,1
Scope_(computer_science),Programming_language,1
Machine_translation,Artificial_intelligence,1
Syntax,Computer_programming,0
Distributed_computing,Computational_problem,1
Computational_geometry,Computer_graphics,1
Microcode,Linear_algebra,0
Programmer,Finite_set,0
Regular_expression,Predicate_logic,0
Parsing,Natural_language,1
Neural_network,Machine_learning,1
Modular_arithmetic,Cryptographic_hash_function,0
Sufficient_statistic,Software_framework,0
Linear_system,Computing,0
Cryptography,Sparse_matrix,0
World_Wide_Web,Cryptography,0
Digital_electronics,Packet_switching,0
Parsing,Lexical_analysis,1
Theoretical_computer_science,Computer_science,1
Model_of_computation,Computational_complexity_theory,1
Distributed_computing,Relational_database,0
Unsupervised_learning,Debugging,0
Correlation_and_dependence,Random_variable,1
Data,Semidefinite_programming,0
Object-oriented_programming,High-level_programming_language,1
Game_theory,Randomized_algorithm,0
Knowledge_representation_and_reasoning,Ray_tracing_(graphics),0
Knowledge_representation_and_reasoning,Computational_complexity_theory,0
Fast_Fourier_transform,Artificial_intelligence,0
Divide_and_conquer_algorithm,SQL,0
Round-off_error,Randomization,0
Vector_processor,Parallel_computing,1
Combinational_logic,Information_assurance,0
Monte_Carlo_method,Statistical_inference,1
Data_type,PageRank,0
Database,Operating_system,1
Computational_science,Compiler_optimization,0
Parallel_algorithm,Newton's_method,0
Calculus_of_variations,Interpolation,0
Parsing,Formal_grammar,1
Parsing,Algorithm,1
Computational_geometry,Computational_science,1
Computer_graphics,Image,1
Variable_(computer_science),Scheduling_(computing),0
Polynomial,Array_data_structure,0
Analysis_of_algorithms,Computer_science,1
Sentiment_analysis,Natural_language_processing,1
Parallel_computing,Computing,1
Web_search_engine,Algorithm,1
Probability_theory,Entropy,0
Recursively_enumerable_set,Conditional_probability,0
Game_theory,Mathematical_optimization,1
Natural_language_processing,Assembly_language,0
Functional_programming,Recursion_(computer_science),1
Internet,Telecommunications_network,1
Inheritance_(object-oriented_programming),Object_(computer_science),1
Context-free_grammar,Server_(computing),0
Mathematical_induction,Atomicity_(database_systems),0
First-order_logic,Recursion,1
Object_(computer_science),Kalman_filter,0
Programmer,Inference,0
NP-complete,C_(programming_language),0
Question_answering,Introduction_to_Algorithms,0
Object-oriented_programming,Object_(computer_science),1
Lisp_(programming_language),Functional_programming,1
Matrix_(mathematics),Computer_vision,0
Randomized_algorithm,Cryptanalysis,0
Social_network,Compiler,0
Python_(programming_language),Computer_programming,1
Cryptography,Run_time_(program_lifecycle_phase),0
Assembly_language,Debugging,0
Ray_tracing_(graphics),Inter-process_communication,0
Lock_(computer_science),Data_warehouse,0
Stack_(data_structure),Array_data_structure,1
Inheritance_(object-oriented_programming),Object-oriented_programming,1
Computer_simulation,Memory_management,0
Application_software,Inter-process_communication,0
Operating_system,Random_graph,0
Prolog,String_(computer_science),1
Multi-core_processor,Vector_processor,1
Human-computer_interaction,Interface_(computing),1
Compiler,Regular_expression,1
Statistical_hypothesis_testing,Probability,1
Halting_problem,Inference,0
Geometric_modeling,Web_search_engine,0
Big_data,Internet,0
Dynamic_memory_allocation,Array_data_structure,1
Cryptanalysis,Cryptography,1
Data_type,Instruction_set,0
Machine_learning,Computer,1
Assembly_language,Computer_science,1
Approximation_algorithm,Introduction_to_Algorithms,1
Firewall_(computing),Computer_security,1
Volume_rendering,Computer_graphics,1
Probability,Uncertainty,1
Uncertainty,Sequence_alignment,0
Semantics,Syntax,1
Natural_language_processing,Artificial_intelligence,1
3D_modeling,Random_walk,0
Control_flow,High-level_programming_language,0
Reason,Database_management_system,0
Finite_element_method,Machine_learning,0
Packet_switching,Volume_rendering,0
Information_theory,Random_variable,1
OSI_model,User_interface_design,0
Data_(computing),Randomized_algorithm,0
Data_(computing),Motion_planning,0
Multi-core_processor,Central_processing_unit,1
Human-computer_interaction,Linear_system,0
B-tree,Ray_tracing_(graphics),0
Amortized_analysis,Kinematics,0
Semantics_of_programming_languages,Linear_system,0
Compiler_optimization,Python_(programming_language),0
Cryptography,Computer_security,1
3D_modeling,Algorithm,1
Recursion_(computer_science),Algorithm,1
Parsing,Computer_programming,1
Quantum_computer,Database_transaction,0
Bioinformatics,Pipeline_(computing),0
Relational_model,Mathematical_proof,0
Parallel_computing,Central_processing_unit,1
Computational_geometry,Finite-state_machine,0
Variable_(computer_science),Computer_programming,1
Relational_model,Object_(computer_science),1
Unsupervised_learning,Lazy_evaluation,0
First-order_logic,Floating_point,0
Dynamic_programming,Algorithm_design,1
Finite-state_machine,Computer_science,1
Statistical_hypothesis_testing,Data,1
Entropy,Probability,1
Algorithm,Abstraction_(computer_science),1
Continuous_function,File_system,0
Nonlinear_system,Coding_theory,0
Dynamic_programming,Algorithm,1
Big_data,Monte_Carlo_method,0
Program_optimization,Debugging,0
Control_flow,Statistics,0
Compiler_optimization,Nonlinear_system,0
Abstract_data_type,First-order_logic,0
Concurrency_(computer_science),Computer_science,1
Correlation_and_dependence,Theoretical_computer_science,0
Routing,Computer,1
Computer_network,Data_(computing),1
Artificial_intelligence,Application_programming_interface,0
SQL,Computer_programming,1
Polymorphism_(computer_science),Scripting_language,0
Scientific_visualization,Interpolation,0
Robot,Turing_machine,0
Polynomial,Halting_problem,0
Uncertainty,Run_time_(program_lifecycle_phase),0
Logic_programming,Run_time_(program_lifecycle_phase),0
Cryptography,Authentication,1
Divide_and_conquer_algorithm,NP_(complexity),0
Graph_(mathematics),Modular_arithmetic,0
Computer_programming,Computer,1
Inference,Polymorphism_(computer_science),0
Regular_language,Virtual_memory,0
Numerical_analysis,Internet,0
Economics,Machine_learning,0
Random_graph,Graph_theory,1
Statistical_inference,Software_design,0
Virtual_reality,C_(programming_language),0
Pattern_recognition,Computer_science,1
Cryptography,Mathematical_proof,1
Statistical_hypothesis_testing,Random_variable,1
C++,Computer,1
Unix,Computer,1
Flow_network,Introduction_to_Algorithms,1
Computability,Correlation_and_dependence,0
Logic,Foundations_of_mathematics,1
Gradient_descent,Graphics_processing_unit,0
Stochastic,Probability_theory,1
Quantum_mechanics,Probability,1
OSI_model,Semidefinite_programming,0
Calculus_of_variations,Approximation_algorithm,0
Programmer,Mechanical_engineering,0
Very_long_instruction_word,Quantum_computer,0
Dynamic_memory_allocation,Peer-to-peer,0
Numerical_analysis,Mathematics,1
Lazy_evaluation,Formal_methods,0
Instruction_set,Computer,1
Poisson_distribution,Formal_grammar,0
Mathematical_optimization,Algorithm,1
SQL,Computer_science,1
Computer_programming,Algorithm,1
Part-of-speech_tagging,Abstract_data_type,0
Scalability,Database_transaction,0
Distributed_computing,Computational_complexity_theory,1
Superscalar,Denotational_semantics,0
Control_flow,Social_network,0
Economics,Mathematical_optimization,1
Model_checking,Computer_science,1
Concurrent_computing,Computer,1
Concurrency_control,Computer_science,1
MATLAB,Flow_network,0
Cryptographic_hash_function,Encryption,1
Programming_paradigm,Computer_science,1
Poisson_distribution,Probability_theory,1
Message_passing,Computer_science,1
Numerical_analysis,Polynomial,1
Computer_vision,Artificial_intelligence,1
Integer,Kernel_(computing),0
Mathematical_optimization,Logic_programming,0
Computer_programming,Arithmetic,1
Robotics,Shortest_path_problem,0
Machine_learning,Probability,1
C++,Floating_point,1
Garbage_collection_(computer_science),Generic_programming,0
Kalman_filter,Random_variable,0
System_programming,Computer,1
Type_system,Programming_language,1
Computer_security,Encryption,0
Markov_chain,Conditional_probability,1
Digital_signature,Algorithm,1
Sparse_matrix,Matrix_(mathematics),1
Software_engineering,Programming_language,1
Lazy_evaluation,Matrix_(mathematics),0
Sufficient_statistic,Data,1
Design_of_experiments,Complexity,0
Computer_network,Nonlinear_system,0
Shared_memory,Prolog,0
Communications_protocol,Genetic_algorithm,0
Randomized_algorithm,CPU_cache,0
C_(programming_language),Arithmetic,1
Spanning_tree,Regular_expression,0
Database,Object_(computer_science),1
Central_processing_unit,Support_vector_machine,0
Microcode,Assembly_language,1
Compiler_optimization,Functional_programming,0
Operating_system,Input/output,1
Image_analysis,Network_security,0
Wireless_sensor_network,Database_system,0
Linear_programming,Algorithm,1
Web_service,Fixed_point_(mathematics),0
Linked_list,Large_deviations_theory,0
Database,Data_(computing),1
Computer_architecture,Computer,1
HTML,Computer,1
Embedded_system,Relational_algebra,0
Differential_equation,PSPACE,0
Compiler,Algorithm_design,0
Graphical_user_interface,Calculus,0
Algorithm,Virtual_reality,0
Graphical_model,Probability,1
Natural_language_processing,Natural_language,1
Database_design,Mathematical_induction,0
Turing_machine,Computer_science,1
Python_(programming_language),Imperative_programming,1
Flow_network,Algorithm_design,0
Algorithm,Computer_science,1
Cluster_analysis,Communication,0
Software_engineering,Computer_simulation,0
Hidden_Markov_model,Probability_theory,1
MapReduce,Variable_(computer_science),0
Authentication,Computer_programming,0
Programming_paradigm,Programming_language,1
Reason,Computer_simulation,0
Information_security,Image_analysis,0
Input/output,Computer,1
Boundary_value_problem,Quantum_cryptography,0
Autonomous_robot,Introduction_to_Algorithms,0
Knowledge_representation_and_reasoning,Logic,1
Lisp_(programming_language),Computer_science,1
Interactivity,Decision_theory,0
Autonomous_robot,Robotics,1
Machine_learning,Artificial_intelligence,1
Numerical_analysis,Floating_point,1
Poisson_distribution,Random_variable,1
Communication,Programming_paradigm,0
Model_of_computation,Relational_algebra,0
Instruction_set,Interface_(computing),0
Modular_arithmetic,Discrete_mathematics,1
Modular_arithmetic,Scope_(computer_science),0
Imperative_programming,Control_flow,1
Routing,OSI_model,1
Divide_and_conquer_algorithm,Algorithm,1
Mechanical_engineering,Java_(programming_language),0
Computational_complexity_theory,Computability,1
Discrete_mathematics,Java_(programming_language),0
Artificial_intelligence,Programming_language,1
Linear_system,Monad_(functional_programming),0
Decision_theory,Statistical_inference,1
Relational_database,Estimation_theory,0
Natural_language,Embedded_system,0
Virtual_memory,Memory_hierarchy,1
Interaction_design,Modular_arithmetic,0
Turing_machine,Computation,1
Volume_rendering,Rendering_(computer_graphics),1
Inference,Congestion_control,0
Congestion_control,Finite_element_method,0
Formal_grammar,String_(computer_science),1
Arithmetic,Software_testing,0
Data_mining,Spanning_tree,0
Propositional_calculus,Logic,1
Expert_system,Uncertainty,0
Eigenvalues_and_eigenvectors,Relational_database,0
Transaction_processing,Database_management_system,0
Robotics,Analysis_of_algorithms,1
Processor_register,Lexical_analysis,0
Relational_algebra,Memory_management,0
P_versus_NP_problem,Integer,1
Lexical_analysis,Regular_language,1
Cryptanalysis,Mathematics,1
Programmer,Object_(computer_science),0
Computer_multitasking,Query_optimization,0
Linear_algebra,Continuous_function,0
Garbage_collection_(computer_science),Game_theory,0
Calculus,Algebra,1
Database_normalization,Database,1
JavaScript,Programming_language,1
Integral,Mathematics,1
Instruction_set,Computer_architecture,1
Parsing,Finite-state_machine,1
Randomness,Mathematics,1
Natural_language_processing,HTML,0
Relational_model,Flow_network,0
SQL,Programming_language,1
Computer_architecture,Scientific_modelling,0
Model_of_computation,Computer_science,1
Signal_processing,Probability,1
Internet_Protocol_Suite,Computer_network,1
Deadlock,Geometric_modeling,0
Computer_vision,Analysis_of_algorithms,1
Pushdown_automaton,Web_service,0
Inheritance_(object-oriented_programming),Fast_Fourier_transform,0
Python_(programming_language),Parallel_algorithm,0
OSI_model,Computer_network,1
Computational_complexity_theory,Foundations_of_mathematics,1
Software_design,Computer_programming,1
Communications_protocol,Communication,1
Knowledge_representation_and_reasoning,Finite-state_machine,0
Sufficient_statistic,Robot,0
Neural_network,Amortized_analysis,0
Expected_value,Performance_tuning,0
High-level_programming_language,Computer,1
NP-complete,Algorithm,1
Fourier_analysis,Run_time_(program_lifecycle_phase),0
Regular_expression,Statistical_inference,0
Formal_language,Computer_science,1
Reinforcement_learning,Artificial_intelligence,1
Object-oriented_programming,Abstract_data_type,1
User_interface_design,Polymorphism_(computer_science),0
Superscalar,Multi-core_processor,1
Symmetric_multiprocessing,Garbage_collection_(computer_science),0
Linear_algebra,Polynomial,1
Pushdown_automaton,Automata_theory,1
Genetic_algorithm,Cloud_computing,0
Unsupervised_learning,Random_walk,0
Estimation_theory,Expected_value,1
Analysis_of_algorithms,Computation,1
Random_walk,First-order_logic,0
Cloud_computing,Operating_system,0
Computational_learning_theory,Distributed_computing,0
Formal_methods,Parametric_polymorphism,0
Design_of_experiments,Statistical_hypothesis_testing,1
Database_management_system,Computer,1
Syntax,Game_theory,0
Firewall_(computing),Information_assurance,1
Higher-order_function,Fourier_analysis,0
Denotational_semantics,Congestion_control,0
Neural_network,Document_classification,0
Parallel_algorithm,Computer_science,1
Transaction_processing,Database_management_system,1
Halting_problem,Computability,1
Object-oriented_programming,Big_data,0
Round-off_error,Gradient_descent,0
Lexical_analysis,Formal_grammar,1
Distributed_computing,Operating_system,1
Speech_recognition,Robot,0
P_versus_NP_problem,Dynamic_memory_allocation,0
Programming_paradigm,Differential_equation,0
Sufficient_statistic,Random_variable,1
Monte_Carlo_method,Instruction_set,0
Memory_management,Unsupervised_learning,0
Symbol_table,Newton's_method,0
Operating_system,Communication,0
Computational_geometry,Stochastic,0
Packet_switching,Visualization_(computer_graphics),0
Database_design,Human-computer_interaction,0
Knowledge_representation_and_reasoning,Computer_science,1
Suffix_tree,Programming_language,0
Recursion_(computer_science),Queue_(data_structure),0
Software_testing,Bayesian_probability,0
Data_structure,Data_(computing),1
Software_framework,Control_flow,1
NP-complete,Computer_science,1
Computer_graphics,Data,1
Formal_methods,Autonomous_robot,0
Procedural_programming,Computer_science,1
Dynamic_memory_allocation,Operating_system,1
Computer_graphics,Algorithm,1
ML_(programming_language),Programming_language,1
CPU_cache,Central_processing_unit,1
Artificial_intelligence,Computer_science,1
Malware,Flow_network,0
Dynamic_programming,Introduction_to_Algorithms,1
Finite_set,Mathematics,1
Haskell_(programming_language),Programming_language,1
Scientific_modelling,Rendering_(computer_graphics),0
Functional_programming,Variable_(computer_science),1
Software_development,JavaScript,0
Complexity,Algorithm,1
Newton's_method,Recursively_enumerable_set,0
Context-free_grammar,Mutual_exclusion,0
Parallel_computing,Digital_signature,0
Abstract_data_type,Computer_science,1
List_of_undecidable_problems,Computability,1
Martingale_(probability_theory),Automata_theory,0
Python_(programming_language),Variable_(computer_science),1
Martingale_(probability_theory),Robotics,0
Natural_language_processing,Unsupervised_learning,1
Object-oriented_programming,Programming_language,1
Computer_programming,Computational_complexity_theory,1
Recursion,Logic,1
Distributed_computing,Mutual_exclusion,1
Software_engineering,Theory_of_computation,1
Memory_hierarchy,Computer_vision,0
Communication,Program_analysis,0
Game_theory,Probability_theory,1
Statistics,User_interface,0
High-level_programming_language,Computer_science,1
Propositional_calculus,Automatic_programming,0
Web_service,Inter-process_communication,0
Cryptographic_hash_function,Interactivity,0
Very_long_instruction_word,Assembly_language,0
Arithmetic_logic_unit,Computer,1
Polymorphism_(computer_science),Programming_style,0
Data_analysis,Relational_model,0
Semantics,Prediction,0
Computational_complexity_theory,Integer,1
Security,MATLAB,0
Mobile_device,Atomicity_(database_systems),0
Relational_database,Big_data,0
Relational_model,Database,1
Mathematical_optimization,Linear_algebra,1
Data_analysis,Problem_solving,1
Database,Data,1
Inter-process_communication,Data,1
Computer_software,Computer,1
Type_system,Model_checking,0
Graph_theory,Computational_science,1
Transaction_processing,Computer_programming,1
Peer-to-peer,Control_flow,0
Parametric_polymorphism,Data_type,1
Syntax,Deadlock,0
Information_theory,Conditional_probability,1
Software_design,Computational_science,0
Pipeline_(computing),Fixed_point_(mathematics),0
Java_(programming_language),Computer_programming,1
Digital_signature,Feature_extraction,0
Regular_language,Computability,1
Sequence_alignment,Feature_extraction,0
Compiler_optimization,Cache_coherence,0
Computability,Computer_architecture,0
Pipeline_(computing),Design_of_experiments,0
Analysis_of_algorithms,Asymptotic_analysis,1
Eigenvalues_and_eigenvectors,Matrix_(mathematics),1
Superscalar,Lexical_semantics,0
Scheduling_(computing),Artificial_intelligence,0
C_(programming_language),Computer_programming,1
Exponential_family,Random_variable,1
Compiler,Parsing,1
Artificial_intelligence,Computational_science,1
Fourier_analysis,Inequality_(mathematics),0
Communications_protocol,Synchronization,1
Parallel_computing,Shared_memory,1
Time_complexity,Turing_machine,1
Query_language,Interface_(computing),0
Recommender_system,"Best,_worst_and_average_case",0
Computer_science,Mathematics,1
Geometry,Statistics,0
Randomized_algorithm,Introduction_to_Algorithms,1
Martingale_(probability_theory),Markov_chain,1
Internet,Computer_network,1
Tensor,Superscalar,0
Scheduling_(computing),Problem_solving,0
Economics,Software_testing,0
Lexical_analysis,Finite-state_machine,1
Sentiment_analysis,Machine_learning,1
Robotics,Computer_programming,1
Statistical_hypothesis_testing,Support_vector_machine,0
Theoretical_computer_science,Mathematics,1
Time_complexity,Computational_complexity_theory,1
Java_(programming_language),Stochastic_process,0
Tensor,Mathematics,1
Design_of_experiments,Kernel_(computing),0
NP_(complexity),Computer_science,1
Statistical_inference,Data,1
Query_language,Programming_language,1
Database_system,Database,1
Bayesian_probability,Conditional_probability,1
Coding_theory,Theoretical_computer_science,1
Approximation_algorithm,Computer_science,1
Matrix_(mathematics),Mathematics,1
Superscalar,Lock_(computer_science),0
Boundary_value_problem,System_call,0
Arithmetic_logic_unit,Combinational_logic,1
Quantum_mechanics,Randomness,1
Cryptanalysis,Database_design,0
Inference,Unix,0
Cryptography,Rendering_(computer_graphics),0
Randomized_algorithm,Conditional_probability,1
Lexical_analysis,Stack_(data_structure),0
Matrix_(mathematics),Sufficient_statistic,0
Concurrency_control,Algorithm_design,1
Correlation_and_dependence,Expected_value,1
Neural_network,Algorithm,1
Shared_memory,Martingale_(probability_theory),0
Relational_database,Analysis_of_algorithms,1
Mathematical_proof,Design_pattern_(computer_science),0
Robotics,Software_engineering,1
Decision_theory,Computational_geometry,0
Hidden_Markov_model,Dynamic_programming,1
Graph_theory,Mathematics,1
Compiler_optimization,Context-free_grammar,0
3D_computer_graphics,Algorithm,1
Recursion_(computer_science),Random_walk,0
Firewall_(computing),Network_security,1
Computer_security,Processor_register,0
3D_computer_graphics,Compiler_optimization,0
Microcode,Computer,1
Computer_vision,Algorithm_design,1
Traffic_analysis,Array_data_structure,0
Recursion,Control_flow,1
List_of_undecidable_problems,Congestion_control,0
Introduction_to_Algorithms,Vulnerability_(computing),0
C_(programming_language),Question_answering,0
Unsupervised_learning,Machine_learning,1
Central_processing_unit,Unix,0
Recommender_system,Abstract_data_type,0
Computability,Machine_translation,0
Formal_verification,Computer_science,1
Continuous_function,Suffix_tree,0
Formal_methods,Stochastic_process,0
Stochastic_process,Random_variable,1
Bayesian_network,Conditional_probability,1
Logic_programming,Computer_science,1
Boundary_value_problem,Ordinary_differential_equation,1
MATLAB,Programming_language,1
Iterative_method,Variable_(computer_science),0
Monte_Carlo_method,Algorithm,1
Run_time_(program_lifecycle_phase),Computer_science,1
Linear_programming,Economics,0
Finite_difference,Polynomial,1
Database_transaction,Round-off_error,0
Java_(programming_language),Compiler,1
Web_service,Computer_network,1
Data_structure,Computer_science,1
Cryptanalysis,Information_security,1
Computer_graphics,Personal_computer,1
Computer_graphics,Computer_science,1
Least_squares,Exponential_family,0
Parametric_polymorphism,Complexity,0
Communications_protocol,Round-off_error,0
Inference,OSI_model,0
Scripting_language,Programming_language,1
Computational_science,Java_(programming_language),0
Formal_language,String_(computer_science),1
Database_system,Support_vector_machine,0
Computer_network,Computer_science,1
Microcode,Differential_equation,0
Ray_tracing_(graphics),Markov_chain,0
Denotational_semantics,Computational_chemistry,0
Linked_list,Computer_science,1
Natural_language_processing,Superscalar,0
Software_design,Python_(programming_language),0
Data,Mobile_device,0
Neural_network,Design_pattern_(computer_science),0
Markov_process,Peer-to-peer,0
Symbol_table,Computer_science,1
Object_(computer_science),Computer_science,1
Unsupervised_learning,Network_security,0
Interactivity,"Best,_worst_and_average_case",0
Atomicity_(database_systems),Database,1
Relational_database_management_system,Relational_algebra,1
Ray_tracing_(graphics),Profiling_(computer_programming),0
Bayesian_probability,Data,1
Speech_recognition,Queue_(data_structure),0
Undecidable_problem,JavaScript,0
PageRank,Natural_language,0
Relational_database,Relational_algebra,1
Processor_register,Stack_(data_structure),1
Array_data_structure,Quantum_mechanics,0
Communication,Message_passing,0
Software_engineering,Algorithm,1
Communication,Microprocessor,0
User_interface_design,Floating_point,0
Recursively_enumerable_set,Algorithm,1
Graph_coloring,Expected_value,0
Cloud_computing,Vector_processor,0
Congestion_control,Logic_programming,0
Computer_vision,Statistical_inference,0
Computer_vision,Pattern_recognition,1
PageRank,Expected_value,1
Symmetric_multiprocessing,Variable_(computer_science),0
Computer_animation,Rendering_(computer_graphics),1
Internet_Protocol_Suite,Computer,1
Web_browser,Recursively_enumerable_set,0
Profiling_(computer_programming),B-tree,0
Bioinformatics,Analysis_of_algorithms,1
Hidden_Markov_model,Probability,1
Machine_learning,Mathematical_optimization,1
Social_network,Parsing,0
Wavelet,Signal_processing,1
Propositional_calculus,Kinematics,0
Theory_of_computation,Message_Passing_Interface,0
Undecidable_problem,Software_development,0
Artificial_intelligence,Algorithm,1
Digital_electronics,Problem_solving,0
Transaction_processing,Database,1
Inequality_(mathematics),Mathematics,1
Randomized_algorithm,Natural_language_processing,0
Java_(programming_language),Object-oriented_programming,1
Algorithm,Polynomial,1
Computer_simulation,Wireless_sensor_network,0
Formal_methods,Computer_programming,1
Unsupervised_learning,Robotics,0
Programming_language,Computer,1
String_(computer_science),Computer_multitasking,0
Java_(programming_language),OSI_model,0
Compiler,Programming_language,1
Computer_multitasking,Public-key_cryptography,0
Artificial_intelligence,Data_structure,1
Algorithm,Iterative_method,1
Modular_arithmetic,Kalman_filter,0
Problem_solving,Approximation,0
Malware,Computer_security,1
Reason,Ray_tracing_(graphics),0
Recursion_(computer_science),Programming_language,1
Cryptography,Computational_complexity_theory,1
Communication,Object-oriented_programming,0
NP_(complexity),Approximation_algorithm,0
Personal_computer,Motion_planning,0
Cryptography,Modular_arithmetic,1
Suffix_tree,Database_transaction,0
Software_engineering,Web_browser,0
Computer_science,Bayesian_probability,0
Turing_machine,Finite-state_machine,1
Programmer,Graph_coloring,0
Multi-core_processor,Parallel_computing,1
Natural_language_processing,Computer_science,1
Graphical_model,Probability_theory,1
Scientific_visualization,Newton's_method,0
Machine_learning,Computational_science,1
Network_security,Security,1
Computer_security,Computer,1
Computer_multitasking,Malware,0
Estimation_theory,Probability,1
Polymorphism_(computer_science),Database_management_system,0
Deadlock,Computer_multitasking,1
Number_theory,Ordinary_differential_equation,0
Automata_theory,Data_mining,0
Garbage_collection_(computer_science),Natural_language,0
Polymorphism_(computer_science),Computer_science,0
Computer_vision,Computer_programming,1
Markov_chain,Probability_theory,1
Data_warehouse,MapReduce,0
Operating_system,Probability_theory,0
Computer_programming,Poisson_distribution,0
Data_mining,Scientific_modelling,0
Relational_model,Data,1
Garbage_collection_(computer_science),Automatic_programming,0
Sequence_alignment,Sparse_matrix,0
Data_warehouse,Data,1
Statistics,Mathematics,1
Programming_language,Data_structure,1
Graph_coloring,Dynamic_programming,1
Graphics,Query_language,0
Scalability,Software_design,1
Haskell_(programming_language),Functional_programming,1
Probability_theory,Scientific_modelling,0
System_programming,Operating_system,1
Relational_database_management_system,Relational_model,1
Algorithm_design,Algorithm,1
Analysis_of_algorithms,Combinatorics,1
Index_(database),Motion_capture,0
Database_normalization,Packet_switching,0
Analysis_of_algorithms,Mathematics,1
Graph_theory,Automated_theorem_proving,0
Asymptotic_analysis,Web_server,0
String_searching_algorithm,Algorithm,1
Graphical_user_interface,Communication,0
Bioinformatics,Algorithm,1
Monad_(functional_programming),Input/output,1
Machine_learning,Algorithm_design,1
Graphical_user_interface,Formal_language,0
String_searching_algorithm,Regular_expression,1
Python_(programming_language),Computer,1
Database_management_system,Database,1
Random_graph,Data_type,0
Database_design,Graphical_user_interface,0
Parsing,Programming_language,1
Statistical_inference,Probability,1
Database_system,Lisp_(programming_language),0
Suffix_tree,Knowledge_representation_and_reasoning,0
Natural_language_processing,ML_(programming_language),0
Sequence_alignment,Probability,1
Pushdown_automaton,Computability,1
Software_development,Software_engineering,1
Server_(computing),Nonlinear_system,0
Semantics_of_programming_languages,Rendering_(computer_graphics),0
Random_walk,Time_complexity,0
Graphical_model,Statistical_inference,1
Computer_software,Operating_system,1
String_(computer_science),NP_(complexity),0
Pushdown_automaton,Theory_of_computation,1
Interpolation,Numerical_analysis,1
Algorithm,Computing,1
Quantum_cryptography,Cryptography,1
Computer_simulation,Kinematics,0
Transaction_processing,Computer_science,1
Computer_programming,Synchronization,0
Congestion_control,Security,0
Amortized_analysis,"Best,_worst_and_average_case",1
Automatic_programming,Computer_programming,1
SQL,Database,1
Randomness,Mutual_exclusion,0
Shortest_path_problem,NP-complete,1
Instruction_set,Fixed_point_(mathematics),0
Gradient_descent,Turing_machine,0
Artificial_intelligence,Mathematics,1
System_call,Propositional_calculus,0
Python_(programming_language),Digital_signature,0
Semidefinite_programming,Central_processing_unit,0
Predicate_logic,Foundations_of_mathematics,1
Linear_algebra,Matrix_(mathematics),1
Theoretical_computer_science,Discrete_mathematics,1
Numerical_analysis,Matrix_(mathematics),1
Analysis_of_algorithms,Microprocessor,0
Symbol_table,Compiler,1
Dynamic_programming,Computer_science,1
Imperative_programming,Instruction_set,0
OSI_model,Monte_Carlo_method,0
Inference,Probability,1
Control_flow,Scope_(computer_science),1
Divide_and_conquer_algorithm,Wireless_sensor_network,0
Performance_tuning,Type_system,0
Divide_and_conquer_algorithm,Modular_arithmetic,0
Computer_science,Graph_theory,1
Computer_programming,Computer_science,1
Authentication,Information_security,1
Data_structure,Data_type,1
Formal_grammar,Modular_programming,0
Firewall_(computing),Software_testing,0
Natural_language,Bayesian_network,0
Malware,Functional_programming,0
Computer_vision,Arithmetic,0
Compiler_optimization,Symmetric_multiprocessing,0
Reason,Mathematical_optimization,0
Robotics,Speech_recognition,1
Virtual_memory,Computing,1
Database_design,Peer-to-peer,0
Geometric_modeling,Computational_geometry,1
Flow_network,Ray_tracing_(graphics),0
Congestion_control,B-tree,0
Computational_complexity_theory,Computer_science,1
B-tree,Computer_science,1
Computer_programming,Computational_science,1
Application_software,Semantics,0
Bioinformatics,Bayesian_probability,0
Syntax,Linked_list,0
Haskell_(programming_language),Scope_(computer_science),1
"Best,_worst_and_average_case",Computational_geometry,0
Linear_programming,Graphical_model,0
Compiler,Computer_architecture,1
Graphical_user_interface,Asymptotic_analysis,0
Martingale_(probability_theory),Probability_theory,1
Theoretical_computer_science,Information_theory,0
Turing_machine,Image,0
Symbol_table,Finite_element_method,0
Linear_programming,Finite_set,0
Stochastic_process,Continuous_function,1
Round-off_error,Computer_simulation,0
Object_(computer_science),Scope_(computer_science),0
Wireless_sensor_network,Scientific_visualization,0
Probability_theory,Algebra,1
Python_(programming_language),Assembly_language,0
Queue_(data_structure),Sentiment_analysis,0
Web_browser,Computer,1
Modular_programming,Scope_(computer_science),1
Software_engineering,Computer_programming,1
Stochastic_process,Markov_process,0
Stochastic_process,Randomness,1
First-order_logic,Control_flow,0
Computability,Computer_science,1
Digital_signature,Expected_value,0
Information_security,Large_deviations_theory,0
Sentiment_analysis,Exponential_family,0
Machine_learning,Statistical_inference,1
Decision_theory,Random_variable,1
Probability,Graph_theory,0
Reinforcement_learning,Statistical_hypothesis_testing,0
Profiling_(computer_programming),Algorithm,1
Randomized_algorithm,Random_variable,1
Computer_security,Security,1
Recommender_system,Shortest_path_problem,0
Abstract_data_type,Suffix_tree,0
NP_(complexity),Computational_complexity_theory,1
Monte_Carlo_method,Economics,0
CPU_cache,Performance_tuning,1
Automatic_programming,Game_theory,0
Mathematical_induction,Cloud_computing,0
Wavelet,Computer_science,0
Graphics_processing_unit,Computer_graphics,1
Ordinary_differential_equation,Mathematics,1
Digital_signature,Data_mining,0
Random_variable,Fourier_analysis,0
Performance_tuning,Iterative_method,0
Data_warehouse,Data_structure,1
Modular_arithmetic,NP_(complexity),0
Compiler_optimization,Modular_arithmetic,0
Ordinary_differential_equation,Numerical_analysis,1
Tensor,Mathematics,0
Functional_programming,Generic_programming,1
Support_vector_machine,Firewall_(computing),0
Graphical_model,Machine_learning,1
Cache_coherence,Theory_of_computation,0
Firewall_(computing),Information_security,1
Denotational_semantics,Large_deviations_theory,0
Martingale_(probability_theory),Random_variable,1
Part-of-speech_tagging,Natural_language,1
Digital_electronics,Amortized_analysis,0
ML_(programming_language),Very_long_instruction_word,0
Rendering_(computer_graphics),Mathematics,1
Perl,Compiler,1
Polymorphism_(computer_science),Abstract_data_type,1
Geometric_modeling,Lexical_semantics,0
Recursively_enumerable_set,Finite_set,1
Markov_chain,Traffic_analysis,0
Computer_graphics,Scientific_visualization,0
Hidden_line_removal,Graph_theory,0
Exponential_family,Probability_theory,1
Instruction_set,Software_development,0
Software_engineering,Data_structure,1
Web_server,Operating_system,1
Prolog,Parallel_algorithm,0
Memory_management,Operating_system,1
Fast_Fourier_transform,Inter-process_communication,0
Machine_learning,Expected_value,1
Software_engineering,Stochastic,0
Statistics,Arithmetic,1
Transaction_processing,Software_engineering,0
Artificial_intelligence,Computer,1
Analysis_of_algorithms,Data_(computing),0
Graph_(mathematics),Discrete_mathematics,1
Symmetric_multiprocessing,Database_normalization,0
Model_checking,Mechanical_engineering,0
Machine_translation,Natural_language,1
Machine_translation,Algorithm,1
Multi-core_processor,Game_theory,0
Large_deviations_theory,Random_variable,1
Finite_difference,Numerical_analysis,1
Imperative_programming,Higher-order_function,1
Probability,World_Wide_Web,0
Data_(computing),Communication,0
Abstraction_(computer_science),Computer_science,1
String_(computer_science),Data_structure,1
Artificial_intelligence,Graph_theory,1
Statistical_inference,Random_variable,1
Boundary_value_problem,Iterative_method,0
P_versus_NP_problem,Algorithm,1
Quantum_computer,Theoretical_computer_science,1
Ray_tracing_(graphics),Computer_graphics,1
Complexity_class,Computational_complexity_theory,1
Compiler,Randomized_algorithm,0
Regular_expression,Operating_system,0
Ray_tracing_(graphics),Rendering_(computer_graphics),1
Mathematical_optimization,Random_variable,1
Index_(database),Distributed_computing,0
Inheritance_(object-oriented_programming),Computational_science,0
Linear_system,Mathematical_induction,0
Software_engineering,Computational_complexity_theory,1
Lisp_(programming_language),Programming_language,1
Statistics,System_call,0
Kinematics,Vulnerability_(computing),0
Public-key_cryptography,Traffic_analysis,0
Relational_model,Context-free_grammar,0
Run_time_(program_lifecycle_phase),C_(programming_language),0
Motion_capture,Computer_graphics,1
PageRank,Automata_theory,0
Automated_theorem_proving,Predicate_logic,1
Mutual_exclusion,OSI_model,0
Embedded_system,Program_optimization,0
Security,Telecommunications_network,0
Graphics_processing_unit,Parallel_computing,1
Markov_process,Parallel_algorithm,0
Robot,Information_security,0
User_interface,Programming_paradigm,0
Large_deviations_theory,Software_framework,0
Computational_problem,Complexity,0
Machine_learning,Scripting_language,0
Program_optimization,Algorithm,1
Algorithm,Logic,1
Social_network,Graph_theory,1
Object-oriented_programming,3D_computer_graphics,0
Algorithm,Theoretical_computer_science,1
Very_long_instruction_word,Lisp_(programming_language),0
System_programming,Unix,1
Computational_complexity_theory,Algorithm,1
Correlation_and_dependence,Hidden_Markov_model,0
Parallel_algorithm,Structured_programming,0
Computing,Document_classification,0
Computer_programming,Program_analysis,0
PageRank,Cluster_analysis,0
Formal_verification,Information_assurance,0
Software_testing,Programming_language,1
Relational_database,Database,1
Computational_learning_theory,Probability,1
Inter-process_communication,Operating_system,1
Ray_tracing_(graphics),Message_passing,0
Robot,Artificial_intelligence,1
Finite-state_machine,Theory_of_computation,1
Peer-to-peer,CPU_cache,0
Sparse_matrix,Finite-state_machine,0
Server_(computing),Lazy_evaluation,0
Complexity,Expert_system,0
Mathematics,Lazy_evaluation,0
Computer,Digital_electronics,1
Processor_register,MapReduce,0
Assembly_language,Syntax,1
Partial_differential_equation,Numerical_analysis,1
Ordinary_differential_equation,Hash_table,0
Message_Passing_Interface,Synchronization,1
Mathematical_model,Integer,1
Symmetric_multiprocessing,Firewall_(computing),0
Natural_language,Internet_Protocol_Suite,0
Formal_methods,Analysis_of_algorithms,1
Graphical_user_interface,Computer_science,1
Interface_(computing),Concurrency_(computer_science),0
Image,Concurrent_computing,0
Exponential_family,Markov_chain,0
Relational_database,Graphics,0
Computer_security,Asymptotic_analysis,0
Computational_complexity_theory,Algorithm_design,1
Peer-to-peer,Computer_network,1
Software_testing,Control_flow,1
Graph_theory,Discrete_mathematics,1
Virtual_memory,Computer_architecture,1
Software_framework,Computer_programming,1
Database_normalization,Java_(programming_language),0
Social_network,Web_browser,0
Parallel_algorithm,Parallel_computing,1
Abstraction_(computer_science),Computer_architecture,0
Computer,Arithmetic,1
Central_processing_unit,Computer_architecture,1
